{
  "$schema": "https://developer.joomla.org/schemas/json-schema/web_assets.json",
  "name": "ttactua",
  "version": "4.0.0",
  "description": "Tafeltennisactua template",
  "license": "GPL-2.0+",
  "assets": [
	{
	  "name": "template.ttactua.base",
	  "type": "style",
	  "uri": "template.css",
	  "dependencies": [
		  "template.ttactua.nav",
		  "template.ttactua.header",
		  "template.ttactua.footer"
	  ]
	},
	{
	  "name": "template.ttactua.form",
	  "type": "style",
	  "uri": "form.css",
		"dependencies": [
			"template.ttactua.base"
		]
	},
	{
	  "name": "template.ttactua.article",
	  "type": "style",
	  "uri": "article.css",
	  "dependencies": [
		  "template.ttactua.base",
		  "template.ttactua.tags",
		  "template.ttactua.date",
		  "template.ttactua.results"
		]
	},
	{
	  "name": "template.ttactua.tags",
	  "type": "style",
	  "uri": "tags.css"
	},
	{
	  "name": "template.ttactua.date",
	  "type": "style",
	  "uri": "date.css"
	},
	{
	  "name": "template.ttactua.results",
	  "type": "style",
	  "uri": "results.css"
	},
	{
	  "name": "template.ttactua.blog",
	  "type": "style",
	  "uri": "blog.css",
	  "dependencies": [
		  "template.ttactua.base",
		  "template.ttactua.date",
		  "fontawesome"
		]
	},
	{
	  "name": "template.ttactua.featured",
	  "type": "style",
	  "uri": "featured.css",
	  "dependencies": [
		  "template.ttactua.base"
		]
	},
	{
	  "name": "template.ttactua.contentheader",
	  "type": "style",
	  "uri": "contentheader.css",
	  "dependencies": [
		  "template.ttactua.base"
		]
	},
	{
	  "name": "template.ttactua.nav",
	  "type": "style",
	  "uri": "nav.css"
	},
	{
	  "name": "template.ttactua.header",
	  "type": "style",
	  "uri": "header.css"
	},
	{
	  "name": "template.ttactua.footer",
	  "type": "style",
	  "uri": "footer.css"
	},
	{
	  "name": "fontawesome",
	  "type": "style",
	  "uri": "system/joomla-fontawesome.min.css"
	}
  ]
}
