<?xml version="1.0" encoding="utf-8"?>
<extension type="template" method="upgrade">
	<name>ttactua</name>
	<creationDate>2022-10-13</creationDate>
	<author>Gijs Lamon</author>
	<authorEmail>info@gileba.be</authorEmail>
	<authorUrl>https://gileba.be/</authorUrl>
	<copyright>(c)2022 by Gileba</copyright>
	<license>GNU/GPL</license>
	<version>1.0.0</version>
	<description>J4 template for Tafeltennisactua.be</description>
	<files>
		<folder>html</folder>
		<filename>index.php</filename>
		<filename>joomla.asset.json</filename>
		<filename>templateDetails.xml</filename>
	</files>
	<media destination="templates/site/ttactua" folder="media">
		<folder>css</folder>
		<folder>scss</folder>
		<folder>images</folder>
	</media>
	<positions>
	<position>logo</position>
	<position>nav</position>
	<position>content-header</position>
	<position>footer</position>
	</positions>
</extension>
